campaign_id,campaign_name,utm_source,target_category
CMP-1043-o,devolved_user-facing_benchmark,Unknown_Blog,Suits
CMP-8196-c,assimilated_background_data-warehouse,Promo_Code,Swim
CMP-3890-J,exclusive_transitional_projection,Email_Blast,Swim
CMP-8637-L,grass-roots_24hour_task-force,Facebook_Feed,Accessories
CMP-2654-j,extended_well-modulated_graphical_user_interface,Ghost_Traffic,Smartwatches
CMP-1161-w,monitored_real-time_firmware,Display_Ad_Net,Plus
CMP-0781-y,configurable_neutral_frame,GDN_Banner,Tops & Tees
CMP-9593-T,cloned_6thgeneration_protocol,Ghost_Traffic,Intimates
CMP-3413-g,multi-tiered_even-keeled_knowledgebase,Ghost_Traffic,Underwear
CMP-5255-n,synchronized_encompassing_standardization,Ghost_Traffic,Plus
CMP-1928-U,fully-configurable_cohesive_local_area_network,GDN_Banner,Blazers & Jackets
CMP-6483-R,inverse_zero_administration_time-frame,Display_Ad_Net,Active
CMP-0305-z,future-proofed_asymmetric_data-warehouse,Facebook_Feed,Sleep & Lounge
CMP-9537-z,stand-alone_logistical_circuit,Facebook_Feed,Pants & Capris
CMP-4238-I,fundamental_value-added_paradigm,GDN_Banner,Suits
CMP-6965-o,devolved_multimedia_methodology,FB_Ads,Underwear
CMP-1012-O,diverse_systemic_interface,Display_Ad_Net,Plus
CMP-9166-M,persistent_multi-tasking_extranet,Search_Direct,Accessories
CMP-8018-W,future-proofed_zero_administration_project,Promo_Code,Blazers & Jackets
CMP-5146-k,persevering_24hour_success,Newsletter_V1,Underwear
CMP-4828-g,self-enabling_exuding_productivity,Bing_Ads,Sweaters
CMP-8932-x,virtual_cohesive_moratorium,Unknown_Blog,Suits & Sport Coats
CMP-8095-F,ameliorated_bifurcated_hierarchy,Search_Direct,Pants & Capris
CMP-4303-K,configurable_attitude-oriented_superstructure,Ghost_Traffic,Pants & Capris
CMP-7182-i,switchable_methodical_neural-net,Search_Direct,Leggings
CMP-2489-B,extended_needs-based_system_engine,Promo_Code,Skirts
CMP-3465-C,programmable_local_capability,Display_Ad_Net,Intimates
CMP-3315-b,reverse-engineered_neutral_emulation,Newsletter_V1,Intimates
CMP-9301-T,self-enabling_analyzing_emulation,Display_Ad_Net,Tops & Tees
CMP-1051-G,front-line_even-keeled_secured_line,Display_Ad_Net,Socks & Hosiery
CMP-7382-U,re-engineered_object-oriented_leverage,Email_Blast,Tops & Tees
CMP-3763-g,cross-platform_stable_internet_solution,Google_SEM,Tops & Tees
CMP-5667-U,business-focused_systematic_projection,Search_Direct,Smartwatches
CMP-1065-Z,customer-focused_dynamic_core,Unknown_Blog,Outerwear & Coats
CMP-3872-B,enterprise-wide_even-keeled_local_area_network,Email_Blast,Swim
CMP-3178-g,business-focused_solution-oriented_moratorium,Bing_Ads,Socks & Hosiery
CMP-0132-A,pre-emptive_mission-critical_data-warehouse,FB_Ads,Skirts
CMP-6026-a,networked_empowering_toolset,Newsletter_V1,Suits & Sport Coats
CMP-7468-Q,universal_mobile_collaboration,Unknown_Ext,Active
CMP-3430-L,user-centric_needs-based_approach,Facebook_Feed,Sweaters
CMP-5009-E,profit-focused_multi-tasking_complexity,Promo_Code,Fashion Hoodies & Sweatshirts
CMP-0812-e,right-sized_asymmetric_service-desk,Display_Ad_Net,Maternity
CMP-3619-p,reduced_radical_analyzer,Google_SEM,Fashion Hoodies & Sweatshirts
CMP-9169-K,programmable_foreground_firmware,Promo_Code,Underwear
CMP-3534-z,de-engineered_static_project,Promo_Code,Accessories
CMP-4751-a,persevering_regional_open_system,Facebook_Feed,Tops & Tees
CMP-1183-G,fundamental_clear-thinking_hardware,FB_Ads,Shorts
CMP-1354-k,organic_needs-based_strategy,Google_SEM,Shorts
CMP-4980-Q,reactive_exuding_protocol,Unknown_Blog,Sweaters
CMP-1241-g,user-friendly_neutral_collaboration,Promo_Code,Blazers & Jackets
CMP-4493-T,mandatory_demand-driven_software,Search_Direct,Clothing Sets
CMP-4874-d,cross-group_scalable_interface,Display_Ad_Net,Electronics
CMP-4005-X,de-engineered_scalable_firmware,Ghost_Traffic,Sleep & Lounge
CMP-2786-J,advanced_bifurcated_archive,Newsletter_V1,Accessories
CMP-2805-L,reactive_client-server_internet_solution,Unknown_Ext,Swim
CMP-2045-Y,balanced_heuristic_database,Newsletter_V1,Shorts
CMP-3158-A,secured_value-added_collaboration,Unknown_Ext,Pants & Capris
CMP-3226-b,enhanced_user-facing_groupware,Unknown_Blog,Active
CMP-6342-Y,total_bi-directional_implementation,Search_Direct,Dresses
CMP-0733-D,monitored_fault-tolerant_utilization,Promo_Code,Skirts
CMP-3303-z,managed_even-keeled_architecture,Ghost_Traffic,Blazers & Jackets
CMP-4586-R,public-key_full-range_algorithm,Ghost_Traffic,Pants & Capris
CMP-1429-q,automated_bi-directional_policy,Newsletter_V1,Suits
CMP-6556-M,profound_bifurcated_info-mediaries,Search_Direct,Tops & Tees
CMP-9340-T,optional_24hour_model,FB_Ads,Swim
CMP-8356-e,synchronized_full-range_process_improvement,FB_Ads,Active
CMP-5148-t,synchronized_incremental_graphic_interface,Google_SEM,Shorts
CMP-6482-m,operative_static_implementation,FB_Ads,Sleep & Lounge
CMP-2994-z,reactive_24hour_framework,Ghost_Traffic,Tops & Tees
CMP-4369-M,streamlined_fresh-thinking_local_area_network,GDN_Banner,Pants & Capris
CMP-7738-E,user-centric_composite_protocol,GDN_Banner,Active
CMP-1489-v,cross-group_web-enabled_encoding,Ghost_Traffic,Tops & Tees
CMP-4332-b,balanced_dynamic_leverage,Ghost_Traffic,Suits & Sport Coats
CMP-9176-O,re-engineered_content-based_structure,Facebook_Feed,Maternity
CMP-6763-j,streamlined_system-worthy_ability,Google_SEM,Outerwear & Coats
CMP-1632-Z,total_multi-state_local_area_network,Display_Ad_Net,Socks & Hosiery
CMP-0831-D,devolved_maximized_secured_line,Promo_Code,Shorts
CMP-8895-W,organic_reciprocal_success,Display_Ad_Net,Skirts
CMP-8687-k,user-friendly_methodical_knowledge_user,Email_Blast,Dresses
CMP-4348-F,self-enabling_disintermediate_focus_group,Google_SEM,Underwear
CMP-7143-r,managed_foreground_moratorium,Facebook_Feed,Shorts
CMP-1223-y,team-oriented_coherent_strategy,Unknown_Blog,Intimates
CMP-3166-v,quality-focused_maximized_instruction_set,Ghost_Traffic,Blazers & Jackets
CMP-0366-X,reduced_tangible_adapter,Newsletter_V1,Pants & Capris
CMP-9670-w,innovative_web-enabled_info-mediaries,Unknown_Ext,Socks & Hosiery
CMP-6889-o,pre-emptive_directional_flexibility,Facebook_Feed,Intimates
CMP-6706-v,synchronized_systematic_website,Unknown_Blog,Suits & Sport Coats
CMP-6272-N,public-key_4thgeneration_infrastructure,Facebook_Feed,Underwear
CMP-9901-P,optimized_client-driven_local_area_network,Google_SEM,Shorts
CMP-2046-u,extended_logistical_graphic_interface,Ghost_Traffic,Smartwatches
CMP-5646-q,configurable_methodical_adapter,Display_Ad_Net,Accessories
CMP-8053-P,cloned_zero-defect_projection,Promo_Code,Blazers & Jackets
CMP-0033-b,secured_coherent_encoding,FB_Ads,Pants
CMP-2719-n,persistent_tangible_extranet,FB_Ads,Blazers & Jackets
CMP-5299-V,universal_bifurcated_time-frame,Facebook_Feed,Leggings
CMP-2419-b,integrated_object-oriented_service-desk,Ghost_Traffic,Clothing Sets
CMP-6631-L,team-oriented_responsive_encryption,FB_Ads,Swim
CMP-1491-Y,re-contextualized_zero_tolerance_analyzer,Unknown_Blog,Leggings
CMP-5865-e,profit-focused_secondary_graphical_user_interface,Newsletter_V1,Clothing Sets
CMP-0671-B,multi-lateral_scalable_knowledgebase,Ghost_Traffic,Pants
CMP-2628-P,future-proofed_reciprocal_workforce,Newsletter_V1,Skirts
CMP-8776-U,reverse-engineered_encompassing_graphic_interface,Bing_Ads,Socks
CMP-3147-p,versatile_maximized_open_system,GDN_Banner,Outerwear & Coats
CMP-9650-F,inverse_contextually-based_matrix,Display_Ad_Net,Socks & Hosiery
CMP-3545-r,right-sized_tangible_focus_group,Unknown_Blog,Tops & Tees
CMP-8083-f,front-line_uniform_installation,Ghost_Traffic,Shorts
CMP-7837-P,universal_mobile_knowledge_user,Unknown_Blog,Intimates
CMP-0143-z,team-oriented_dynamic_function,FB_Ads,Maternity
CMP-9578-H,monitored_interactive_synergy,GDN_Banner,Outerwear & Coats
CMP-8557-r,integrated_eco-centric_emulation,Ghost_Traffic,Sleep & Lounge
CMP-1351-V,public-key_well-modulated_solution,FB_Ads,Fashion Hoodies & Sweatshirts
CMP-2337-r,up-sized_optimizing_task-force,Unknown_Blog,Skirts
CMP-8941-m,implemented_discrete_hierarchy,Google_SEM,Fashion Hoodies & Sweatshirts
CMP-2408-i,grass-roots_6thgeneration_application,Newsletter_V1,Intimates
CMP-8427-g,advanced_object-oriented_forecast,FB_Ads,Blazers & Jackets
CMP-7775-l,business-focused_eco-centric_matrices,Facebook_Feed,Socks & Hosiery
CMP-1167-e,re-engineered_responsive_software,Unknown_Blog,Accessories
CMP-0229-t,configurable_dynamic_capability,Display_Ad_Net,Skirts
CMP-8699-Y,secured_directional_time-frame,Ghost_Traffic,Underwear
CMP-8677-t,reverse-engineered_interactive_function,Ghost_Traffic,Suits
CMP-9909-V,cross-platform_well-modulated_database,Ghost_Traffic,Clothing Sets
CMP-3412-p,enhanced_neutral_archive,GDN_Banner,Jumpsuits & Rompers
CMP-2067-S,right-sized_methodical_frame,Google_SEM,Blazers & Jackets
CMP-0344-S,persevering_asynchronous_software,Search_Direct,Shorts
CMP-3493-B,customizable_needs-based_definition,Display_Ad_Net,Jeans
CMP-2421-d,down-sized_fault-tolerant_policy,Display_Ad_Net,Sleep & Lounge
CMP-9471-D,team-oriented_exuding_standardization,Unknown_Blog,Suits & Sport Coats
CMP-6488-F,organic_attitude-oriented_policy,Unknown_Ext,Pants
CMP-0659-q,assimilated_background_emulation,Unknown_Blog,Fashion Hoodies & Sweatshirts
CMP-9904-K,balanced_well-modulated_system_engine,Unknown_Blog,Leggings
CMP-2787-r,enterprise-wide_optimal_internet_solution,FB_Ads,Sweaters
CMP-7175-A,managed_fresh-thinking_secured_line,Bing_Ads,Skirts
CMP-1256-S,proactive_executive_protocol,FB_Ads,Skirts
CMP-6807-f,intuitive_eco-centric_graphic_interface,FB_Ads,Accessories
CMP-1680-Q,quality-focused_maximized_installation,Unknown_Ext,Dresses
CMP-0385-N,versatile_modular_product,Newsletter_V1,Suits
CMP-7034-J,de-engineered_executive_intranet,FB_Ads,Pants & Capris
CMP-7109-Z,front-line_tertiary_complexity,Search_Direct,Clothing Sets
CMP-4808-A,cross-group_directional_budgetary_management,Bing_Ads,Jeans
CMP-7127-T,implemented_multimedia_strategy,Unknown_Ext,Blazers & Jackets
CMP-4677-p,persevering_neutral_circuit,GDN_Banner,Dresses
CMP-6398-V,devolved_asymmetric_focus_group,Ghost_Traffic,Plus
CMP-6584-a,horizontal_uniform_framework,Unknown_Blog,Maternity
CMP-9972-C,public-key_mission-critical_hardware,Display_Ad_Net,Active
CMP-5886-D,inverse_content-based_standardization,Promo_Code,Socks & Hosiery
CMP-3963-X,open-source_6thgeneration_functionalities,Search_Direct,Sweaters
CMP-7662-F,automated_clear-thinking_middleware,Google_SEM,Leggings
CMP-9517-g,progressive_logistical_access,FB_Ads,Swim
CMP-2621-E,fundamental_global_process_improvement,Ghost_Traffic,Maternity
CMP-6158-y,intuitive_responsive_structure,Promo_Code,Sweaters
CMP-7809-e,front-line_responsive_software,Email_Blast,Clothing Sets
CMP-4316-g,virtual_scalable_strategy,Search_Direct,Sleep & Lounge
CMP-1724-b,balanced_fresh-thinking_utilization,Promo_Code,Sleep & Lounge
CMP-0455-B,digitized_dynamic_moderator,Ghost_Traffic,Accessories
CMP-6922-l,configurable_reciprocal_implementation,Display_Ad_Net,Skirts
CMP-9379-j,focused_maximized_productivity,Unknown_Blog,Tops & Tees
CMP-4740-Z,persistent_executive_service-desk,Promo_Code,Skirts
CMP-8217-w,reverse-engineered_exuding_productivity,Google_SEM,Socks & Hosiery
CMP-6474-m,networked_mission-critical_benchmark,Facebook_Feed,Swim
CMP-3695-K,implemented_tangible_frame,Facebook_Feed,Socks
CMP-0640-K,synergized_zero-defect_synergy,Promo_Code,Sleep & Lounge
CMP-0974-X,focused_real-time_website,Promo_Code,Tops & Tees
CMP-5339-q,synergistic_web-enabled_success,Display_Ad_Net,Skirts
CMP-2104-Y,organic_5thgeneration_paradigm,Facebook_Feed,Skirts
CMP-5214-u,user-friendly_intangible_conglomeration,Bing_Ads,Pants
CMP-3285-H,profit-focused_encompassing_concept,GDN_Banner,Plus
CMP-4745-Z,customizable_maximized_archive,Search_Direct,Dresses
CMP-2368-x,cross-group_hybrid_access,Facebook_Feed,Swim
CMP-4817-x,synergistic_value-added_service-desk,Unknown_Blog,Suits & Sport Coats
CMP-4965-g,synergistic_discrete_leverage,Display_Ad_Net,Swim
CMP-0985-N,face-to-face_secondary_architecture,Promo_Code,Smartwatches
CMP-7461-i,balanced_5thgeneration_framework,Facebook_Feed,Clothing Sets
CMP-7113-I,devolved_human-resource_knowledgebase,Ghost_Traffic,Fashion Hoodies & Sweatshirts
CMP-5869-V,upgradable_coherent_instruction_set,Bing_Ads,Jeans
CMP-1796-r,automated_system-worthy_hub,Ghost_Traffic,Underwear
CMP-3773-x,cross-platform_systemic_hub,Newsletter_V1,Outerwear & Coats
CMP-8506-r,ergonomic_bottom-line_knowledgebase,Facebook_Feed,Dresses
CMP-1390-d,managed_dynamic_capacity,GDN_Banner,Accessories
CMP-9318-n,reverse-engineered_didactic_emulation,FB_Ads,Outerwear & Coats
CMP-5290-r,digitized_clear-thinking_moratorium,Facebook_Feed,Dresses
CMP-4210-i,advanced_heuristic_utilization,Unknown_Ext,Fashion Hoodies & Sweatshirts
CMP-3950-l,fundamental_actuating_capacity,Google_SEM,Outerwear & Coats
CMP-6811-E,organized_zero-defect_hierarchy,Ghost_Traffic,Active
CMP-8917-G,face-to-face_reciprocal_analyzer,Newsletter_V1,Suits & Sport Coats
CMP-8470-d,polarized_impactful_interface,Ghost_Traffic,Dresses
CMP-1771-f,inverse_real-time_circuit,Newsletter_V1,Socks
CMP-1249-O,reduced_neutral_structure,Facebook_Feed,Pants
CMP-5698-s,persevering_motivating_portal,Facebook_Feed,Jeans
CMP-6118-U,extended_intermediate_knowledge_user,Newsletter_V1,Sweaters
CMP-3657-z,operative_upward-trending_attitude,Google_SEM,Plus
CMP-5654-x,distributed_systemic_leverage,Ghost_Traffic,Intimates
CMP-1111-B,cross-platform_value-added_support,Promo_Code,Leggings
CMP-5280-L,realigned_next_generation_groupware,Unknown_Blog,Intimates
CMP-1656-U,business-focused_executive_policy,Ghost_Traffic,Dresses
CMP-4519-G,extended_coherent_protocol,Bing_Ads,Active
CMP-7315-J,multi-layered_bifurcated_task-force,Email_Blast,Fashion Hoodies & Sweatshirts
CMP-4936-J,visionary_regional_pricing_structure,GDN_Banner,Swim
CMP-8094-b,enterprise-wide_encompassing_standardization,Unknown_Blog,Outerwear & Coats
CMP-4550-l,digitized_non-volatile_protocol,Promo_Code,Clothing Sets
CMP-6120-f,user-friendly_multi-tasking_data-warehouse,Promo_Code,Maternity
CMP-6675-k,multi-layered_fault-tolerant_success,Facebook_Feed,Underwear
CMP-5991-d,distributed_cohesive_system_engine,FB_Ads,Jeans
CMP-9014-C,switchable_interactive_matrix,Display_Ad_Net,Clothing Sets
CMP-9764-n,versatile_multimedia_budgetary_management,Ghost_Traffic,Skirts
CMP-5614-R,synergistic_optimizing_matrix,FB_Ads,Pants & Capris
CMP-8403-z,right-sized_analyzing_ability,Promo_Code,Dresses
CMP-3432-W,function-based_explicit_graphic_interface,Display_Ad_Net,Accessories
CMP-1076-l,de-engineered_homogeneous_monitoring,Promo_Code,Jumpsuits & Rompers
CMP-3885-e,object-based_user-facing_analyzer,Facebook_Feed,Underwear
CMP-6071-u,re-engineered_interactive_orchestration,GDN_Banner,Fashion Hoodies & Sweatshirts
CMP-6641-z,ameliorated_fresh-thinking_concept,FB_Ads,Skirts
CMP-9751-B,customer-focused_dynamic_internet_solution,Promo_Code,Swim
CMP-9681-z,integrated_value-added_graphical_user_interface,Display_Ad_Net,Accessories
CMP-3521-G,sharable_bifurcated_moderator,Email_Blast,Sleep & Lounge
CMP-8355-U,stand-alone_client-server_encoding,Google_SEM,Suits & Sport Coats
CMP-1243-l,robust_coherent_task-force,Ghost_Traffic,Accessories
CMP-1277-W,re-contextualized_well-modulated_paradigm,Promo_Code,Skirts
CMP-7995-O,intuitive_coherent_intranet,Unknown_Ext,Sleep & Lounge
CMP-1774-Y,grass-roots_optimizing_approach,Promo_Code,Suits & Sport Coats
CMP-5814-D,organized_5thgeneration_approach,Facebook_Feed,Clothing Sets
CMP-5411-N,right-sized_motivating_info-mediaries,Unknown_Blog,Leggings
CMP-7980-C,re-engineered_solution-oriented_core,Facebook_Feed,Sweaters
CMP-5978-j,centralized_local_benchmark,FB_Ads,Accessories
CMP-5182-c,fully-configurable_tertiary_intranet,Promo_Code,Jeans
CMP-7889-k,multi-lateral_holistic_forecast,Unknown_Blog,Plus
CMP-6659-d,self-enabling_secondary_groupware,Email_Blast,Pants & Capris
CMP-1518-R,networked_executive_extranet,Display_Ad_Net,Suits
CMP-9251-L,switchable_client-server_hardware,FB_Ads,Accessories
CMP-4629-T,configurable_fault-tolerant_open_architecture,Newsletter_V1,Sleep & Lounge
CMP-6528-f,stand-alone_static_interface,Ghost_Traffic,Active
CMP-8505-t,enterprise-wide_didactic_graphical_user_interface,Display_Ad_Net,Fashion Hoodies & Sweatshirts
CMP-7332-j,compatible_explicit_toolset,Bing_Ads,Blazers & Jackets
CMP-1888-c,switchable_global_throughput,Display_Ad_Net,Swim
CMP-9296-j,diverse_contextually-based_solution,Bing_Ads,Electronics
CMP-9270-A,multi-lateral_systematic_success,Unknown_Blog,Suits & Sport Coats
CMP-3794-W,user-friendly_zero_tolerance_knowledge_user,Display_Ad_Net,Pants
CMP-3834-Z,phased_content-based_hub,Unknown_Blog,Suits
CMP-9774-X,multi-tiered_motivating_moderator,Bing_Ads,Dresses
CMP-6239-i,function-based_actuating_project,Facebook_Feed,Leggings
CMP-7581-T,programmable_bottom-line_forecast,Newsletter_V1,Jeans
CMP-1247-G,digitized_intermediate_array,Unknown_Blog,Leggings
CMP-3750-A,business-focused_hybrid_middleware,FB_Ads,Underwear
CMP-5361-x,face-to-face_4thgeneration_functionalities,Facebook_Feed,Accessories
CMP-1522-c,horizontal_methodical_standardization,Ghost_Traffic,Suits
CMP-2779-a,configurable_3rdgeneration_extranet,Newsletter_V1,Jeans
CMP-3289-H,optimized_bifurcated_time-frame,FB_Ads,Suits & Sport Coats
CMP-4341-d,front-line_intangible_productivity,Bing_Ads,Socks & Hosiery
CMP-9711-F,right-sized_national_adapter,GDN_Banner,Pants
CMP-4609-w,front-line_object-oriented_instruction_set,Bing_Ads,Jumpsuits & Rompers
CMP-2185-e,progressive_needs-based_middleware,Ghost_Traffic,Maternity
CMP-8806-E,balanced_scalable_info-mediaries,Search_Direct,Sleep & Lounge
CMP-5405-Y,cloned_grid-enabled_encoding,GDN_Banner,Active
CMP-1952-c,multi-channeled_needs-based_graphical_user_interface,Ghost_Traffic,Skirts
CMP-2772-Z,devolved_asymmetric_structure,FB_Ads,Plus
CMP-7043-c,exclusive_6thgeneration_functionalities,Ghost_Traffic,Suits
CMP-4868-E,function-based_5thgeneration_system_engine,Ghost_Traffic,Jeans
CMP-3450-P,managed_encompassing_capability,Search_Direct,Jumpsuits & Rompers
CMP-6527-S,proactive_holistic_website,Facebook_Feed,Sweaters
CMP-8416-f,optional_real-time_contingency,FB_Ads,Suits
CMP-8451-f,inverse_stable_frame,Email_Blast,Sleep & Lounge
CMP-4796-k,team-oriented_leadingedge_hardware,GDN_Banner,Leggings
CMP-7059-B,grass-roots_scalable_utilization,Newsletter_V1,Dresses
CMP-0165-G,user-friendly_systematic_complexity,FB_Ads,Intimates
CMP-0297-c,de-engineered_asymmetric_encoding,Google_SEM,Pants
CMP-5569-c,robust_coherent_service-desk,Ghost_Traffic,Active
CMP-7557-W,compatible_object-oriented_challenge,Ghost_Traffic,Smartwatches
CMP-8565-P,grass-roots_dynamic_budgetary_management,Promo_Code,Socks & Hosiery
CMP-0278-y,realigned_bottom-line_firmware,Unknown_Ext,Outerwear & Coats
CMP-4739-s,team-oriented_mobile_customer_loyalty,GDN_Banner,Tops & Tees
CMP-1217-l,universal_leadingedge_array,GDN_Banner,Skirts
CMP-5518-I,implemented_exuding_complexity,Facebook_Feed,Dresses
CMP-2583-h,exclusive_client-driven_encoding,Unknown_Ext,Jumpsuits & Rompers
CMP-7058-K,multi-layered_maximized_website,Search_Direct,Dresses
CMP-8291-e,integrated_hybrid_structure,Unknown_Ext,Pants & Capris
CMP-7866-K,compatible_clear-thinking_functionalities,Ghost_Traffic,Socks & Hosiery
CMP-1778-w,de-engineered_zero-defect_neural-net,Unknown_Ext,Suits & Sport Coats
CMP-9226-G,centralized_bottom-line_model,Ghost_Traffic,Active
CMP-2422-u,triple-buffered_directional_hardware,Google_SEM,Swim
CMP-8414-m,sharable_neutral_focus_group,Ghost_Traffic,Skirts
CMP-2498-f,profit-focused_secondary_concept,Display_Ad_Net,Leggings
CMP-9922-Q,secured_uniform_portal,Facebook_Feed,Blazers & Jackets
CMP-5900-f,balanced_secondary_throughput,Ghost_Traffic,Tops & Tees
CMP-9439-A,secured_scalable_algorithm,Ghost_Traffic,Swim
CMP-7844-E,fully-configurable_systemic_initiative,GDN_Banner,Tops & Tees
CMP-4710-k,organic_intangible_matrices,FB_Ads,Tops & Tees
CMP-7359-j,intuitive_transitional_functionalities,Email_Blast,Plus
CMP-5625-G,realigned_bi-directional_functionalities,Ghost_Traffic,Sleep & Lounge
CMP-3714-C,fully-configurable_client-server_attitude,Unknown_Ext,Dresses
CMP-0469-A,fully-configurable_cohesive_graphic_interface,Facebook_Feed,Socks
CMP-9532-F,profound_maximized_methodology,Facebook_Feed,Pants
CMP-4701-z,profit-focused_logistical_encoding,Newsletter_V1,Shorts
CMP-0479-P,synergistic_methodical_forecast,Newsletter_V1,Leggings
CMP-8016-i,fundamental_upward-trending_hierarchy,Email_Blast,Dresses
CMP-6506-d,re-contextualized_next_generation_core,FB_Ads,Smartwatches
CMP-5841-y,profit-focused_local_task-force,Newsletter_V1,Sleep & Lounge
CMP-8499-h,de-engineered_bandwidth-monitored_infrastructure,Unknown_Blog,Active
CMP-5585-W,digitized_dedicated_portal,Newsletter_V1,Jeans
CMP-8680-c,automated_client-driven_structure,Display_Ad_Net,Blazers & Jackets
CMP-5787-j,robust_multimedia_challenge,Email_Blast,Electronics
CMP-5952-z,seamless_user-facing_framework,Display_Ad_Net,Dresses
CMP-9588-I,pre-emptive_tertiary_open_system,Display_Ad_Net,Sleep & Lounge
CMP-4705-v,synergistic_bifurcated_instruction_set,Bing_Ads,Suits & Sport Coats
CMP-9409-E,fundamental_solution-oriented_toolset,Facebook_Feed,Sleep & Lounge
CMP-9930-L,polarized_composite_moderator,Ghost_Traffic,Blazers & Jackets
CMP-9623-c,re-engineered_tangible_budgetary_management,GDN_Banner,Accessories
CMP-3075-A,distributed_incremental_solution,Promo_Code,Underwear
CMP-3689-E,user-centric_upward-trending_approach,FB_Ads,Blazers & Jackets
CMP-2838-u,switchable_mission-critical_moderator,Unknown_Blog,Active
CMP-8585-R,visionary_uniform_software,Display_Ad_Net,Blazers & Jackets
CMP-4973-p,grass-roots_next_generation_framework,Display_Ad_Net,Suits
CMP-3443-S,triple-buffered_mobile_functionalities,Unknown_Blog,Socks
CMP-7584-s,decentralized_object-oriented_service-desk,Promo_Code,Fashion Hoodies & Sweatshirts
CMP-8665-X,digitized_explicit_analyzer,Unknown_Blog,Tops & Tees
CMP-4157-P,function-based_value-added_matrices,FB_Ads,Jeans
CMP-3384-J,total_encompassing_challenge,Google_SEM,Jeans
CMP-1993-p,business-focused_static_moderator,Facebook_Feed,Smartwatches
CMP-3301-A,managed_transitional_leverage,Display_Ad_Net,Pants & Capris
CMP-1208-k,open-source_solution-oriented_leverage,Bing_Ads,Clothing Sets
CMP-7345-s,stand-alone_analyzing_throughput,Search_Direct,Suits
CMP-1938-V,up-sized_5thgeneration_conglomeration,Newsletter_V1,Suits
CMP-6206-Y,proactive_contextually-based_synergy,Unknown_Ext,Fashion Hoodies & Sweatshirts
CMP-4004-K,robust_bi-directional_groupware,Unknown_Blog,Fashion Hoodies & Sweatshirts
CMP-4788-F,devolved_motivating_local_area_network,Email_Blast,Jumpsuits & Rompers
CMP-4315-k,upgradable_logistical_project,Bing_Ads,Shorts
CMP-4205-Y,implemented_non-volatile_service-desk,Display_Ad_Net,Jeans
CMP-3296-B,profound_fresh-thinking_array,Unknown_Ext,Accessories
CMP-6122-E,inverse_dynamic_ability,Google_SEM,Suits & Sport Coats
CMP-4637-W,future-proofed_full-range_framework,Facebook_Feed,Plus
CMP-5301-D,integrated_cohesive_initiative,GDN_Banner,Blazers & Jackets
CMP-5933-i,polarized_coherent_knowledgebase,Bing_Ads,Jumpsuits & Rompers
CMP-9568-E,versatile_national_website,Facebook_Feed,Plus
CMP-3391-H,organized_multi-tasking_strategy,Email_Blast,Underwear
CMP-5191-d,reactive_motivating_customer_loyalty,Bing_Ads,Sleep & Lounge
CMP-9822-u,programmable_leadingedge_budgetary_management,Unknown_Ext,Pants
CMP-3971-G,organized_analyzing_knowledgebase,Promo_Code,Pants
CMP-2867-K,centralized_next_generation_local_area_network,Unknown_Blog,Outerwear & Coats
CMP-4064-a,user-friendly_didactic_paradigm,FB_Ads,Swim
CMP-1801-E,automated_executive_installation,Email_Blast,Suits & Sport Coats
CMP-2265-y,organized_homogeneous_implementation,Unknown_Ext,Suits
CMP-1825-h,enhanced_national_infrastructure,Ghost_Traffic,Clothing Sets
CMP-8230-W,ameliorated_exuding_local_area_network,Display_Ad_Net,Skirts
CMP-8686-o,fully-configurable_logistical_hardware,Bing_Ads,Clothing Sets
CMP-2431-c,switchable_intangible_pricing_structure,Facebook_Feed,Leggings
CMP-0331-g,right-sized_5thgeneration_knowledge_user,Facebook_Feed,Blazers & Jackets
CMP-9030-z,organic_discrete_moratorium,Unknown_Blog,Underwear
CMP-3028-s,focused_upward-trending_orchestration,Facebook_Feed,Active
CMP-5995-p,innovative_client-server_protocol,Ghost_Traffic,Suits & Sport Coats
CMP-8364-r,centralized_next_generation_parallelism,Bing_Ads,Skirts
CMP-2687-d,monitored_secondary_secured_line,Bing_Ads,Dresses
CMP-6856-A,distributed_exuding_implementation,Display_Ad_Net,Sweaters
CMP-2873-o,innovative_tertiary_circuit,Email_Blast,Pants & Capris
CMP-7086-A,realigned_multi-tasking_challenge,Ghost_Traffic,Jumpsuits & Rompers
CMP-6343-v,stand-alone_attitude-oriented_knowledge_user,Display_Ad_Net,Accessories
CMP-5183-d,future-proofed_homogeneous_service-desk,Display_Ad_Net,Dresses
CMP-3983-E,expanded_full-range_framework,GDN_Banner,Swim
CMP-7393-z,front-line_neutral_graphic_interface,GDN_Banner,Outerwear & Coats
CMP-4678-P,multi-channeled_fault-tolerant_firmware,Display_Ad_Net,Jumpsuits & Rompers
CMP-5877-g,up-sized_methodical_task-force,Display_Ad_Net,Sweaters
CMP-5355-A,balanced_non-volatile_definition,Unknown_Blog,Accessories
CMP-2048-L,reduced_uniform_instruction_set,Display_Ad_Net,Sleep & Lounge
CMP-4235-o,multi-tiered_non-volatile_encryption,Email_Blast,Sleep & Lounge
CMP-7854-W,pre-emptive_uniform_project,Email_Blast,Fashion Hoodies & Sweatshirts
CMP-7725-k,devolved_uniform_moratorium,Ghost_Traffic,Leggings
CMP-7280-H,automated_asynchronous_secured_line,FB_Ads,Jeans
CMP-0062-O,focused_asymmetric_strategy,Unknown_Blog,Active
CMP-2038-D,multi-layered_analyzing_process_improvement,FB_Ads,Sleep & Lounge
CMP-9770-a,public-key_neutral_installation,Facebook_Feed,Skirts
CMP-0084-I,horizontal_3rdgeneration_middleware,Ghost_Traffic,Accessories
CMP-6211-H,distributed_disintermediate_core,Ghost_Traffic,Underwear
CMP-9845-r,object-based_attitude-oriented_hub,Facebook_Feed,Jumpsuits & Rompers
CMP-6793-S,face-to-face_exuding_software,Google_SEM,Pants
CMP-1016-y,multi-tiered_neutral_leverage,Email_Blast,Pants & Capris
CMP-0021-F,optional_secondary_toolset,Email_Blast,Pants
CMP-5918-c,focused_didactic_solution,Newsletter_V1,Swim
CMP-9740-e,synergized_even-keeled_moratorium,Google_SEM,Outerwear & Coats
CMP-9025-b,expanded_optimizing_circuit,Unknown_Blog,Tops & Tees
CMP-6142-K,front-line_non-volatile_info-mediaries,Search_Direct,Underwear
CMP-8562-Y,team-oriented_uniform_artificial_intelligence,Facebook_Feed,Blazers & Jackets
CMP-8501-B,focused_asynchronous_graphical_user_interface,Facebook_Feed,Underwear
CMP-9996-X,inverse_4thgeneration_productivity,Ghost_Traffic,Plus
CMP-4773-w,reactive_homogeneous_internet_solution,Promo_Code,Sleep & Lounge
CMP-2961-X,secured_explicit_website,Newsletter_V1,Maternity
CMP-3114-j,multi-tiered_transitional_toolset,Ghost_Traffic,Tops & Tees
CMP-2655-g,cross-group_24hour_function,Promo_Code,Pants
CMP-7541-i,cross-group_contextually-based_internet_solution,Facebook_Feed,Shorts
CMP-7888-A,customer-focused_4thgeneration_array,Newsletter_V1,Blazers & Jackets
CMP-5819-M,inverse_human-resource_access,Facebook_Feed,Active
CMP-4661-U,realigned_dynamic_orchestration,Display_Ad_Net,Maternity
CMP-8262-i,future-proofed_exuding_flexibility,Display_Ad_Net,Intimates
CMP-7212-B,grass-roots_intangible_framework,Bing_Ads,Swim
CMP-7154-p,up-sized_responsive_methodology,Display_Ad_Net,Accessories
CMP-9937-g,devolved_exuding_ability,Ghost_Traffic,Pants
CMP-6596-Z,managed_leadingedge_groupware,Ghost_Traffic,Underwear
CMP-6924-u,robust_system-worthy_customer_loyalty,Facebook_Feed,Leggings
CMP-7526-u,implemented_user-facing_solution,Bing_Ads,Clothing Sets
CMP-7935-y,grass-roots_zero_tolerance_infrastructure,Promo_Code,Sleep & Lounge
CMP-5193-L,quality-focused_contextually-based_software,FB_Ads,Dresses
CMP-8073-C,implemented_system-worthy_architecture,Email_Blast,Suits
CMP-6724-p,function-based_stable_collaboration,Unknown_Ext,Intimates
CMP-6617-M,polarized_optimal_initiative,FB_Ads,Tops & Tees
CMP-8868-c,multi-lateral_tangible_workforce,Facebook_Feed,Suits
CMP-8911-X,fully-configurable_stable_secured_line,Facebook_Feed,Jumpsuits & Rompers
CMP-9656-g,advanced_bandwidth-monitored_firmware,Display_Ad_Net,Underwear
CMP-3888-L,team-oriented_object-oriented_definition,Ghost_Traffic,Dresses
CMP-7567-X,synergistic_optimizing_solution,Newsletter_V1,Fashion Hoodies & Sweatshirts
CMP-8250-E,customer-focused_explicit_instruction_set,GDN_Banner,Active
CMP-1125-t,mandatory_logistical_toolset,GDN_Banner,Jeans
CMP-3875-E,cross-platform_leadingedge_success,FB_Ads,Underwear
CMP-7514-c,triple-buffered_bifurcated_adapter,FB_Ads,Fashion Hoodies & Sweatshirts
CMP-5123-H,enhanced_neutral_complexity,FB_Ads,Jeans
CMP-5867-o,open-architected_responsive_contingency,Facebook_Feed,Plus
CMP-2660-V,seamless_dedicated_knowledge_user,Facebook_Feed,Sweaters
CMP-9660-T,extended_demand-driven_focus_group,Search_Direct,Pants
CMP-1918-l,multi-lateral_fresh-thinking_customer_loyalty,Email_Blast,Jeans
CMP-7147-H,sharable_foreground_policy,Google_SEM,Socks & Hosiery
CMP-6969-h,monitored_heuristic_knowledgebase,Facebook_Feed,Accessories
CMP-9249-L,configurable_systematic_challenge,Display_Ad_Net,Pants & Capris
CMP-5134-h,enterprise-wide_holistic_solution,FB_Ads,Suits
CMP-2866-M,devolved_object-oriented_info-mediaries,Google_SEM,Blazers & Jackets
CMP-6278-S,stand-alone_context-sensitive_open_architecture,Facebook_Feed,Fashion Hoodies & Sweatshirts
CMP-2742-l,intuitive_local_process_improvement,Promo_Code,Dresses
CMP-0507-i,ergonomic_human-resource_open_architecture,GDN_Banner,Fashion Hoodies & Sweatshirts
CMP-8767-A,triple-buffered_leadingedge_matrix,Email_Blast,Pants & Capris
CMP-2190-Y,virtual_directional_frame,Display_Ad_Net,Suits
CMP-0438-s,down-sized_zero-defect_knowledgebase,Unknown_Ext,Pants & Capris
CMP-9788-h,re-engineered_bifurcated_flexibility,FB_Ads,Suits & Sport Coats
CMP-8580-W,up-sized_leadingedge_moratorium,Bing_Ads,Pants & Capris
CMP-3613-t,automated_local_firmware,Promo_Code,Tops & Tees
CMP-5171-X,front-line_demand-driven_workforce,Facebook_Feed,Clothing Sets
CMP-9596-k,seamless_client-driven_toolset,GDN_Banner,Pants
CMP-3309-w,public-key_even-keeled_policy,Display_Ad_Net,Fashion Hoodies & Sweatshirts
CMP-8254-s,re-engineered_encompassing_migration,Unknown_Ext,Sweaters
CMP-1260-r,streamlined_clear-thinking_standardization,Newsletter_V1,Leggings
CMP-2325-p,virtual_systematic_infrastructure,Email_Blast,Swim
CMP-7294-O,operative_homogeneous_knowledge_user,Newsletter_V1,Jumpsuits & Rompers
CMP-1168-V,grass-roots_system-worthy_hub,Promo_Code,Accessories
CMP-7759-a,vision-oriented_upward-trending_array,Google_SEM,Socks & Hosiery
CMP-7518-z,extended_interactive_data-warehouse,Display_Ad_Net,Sleep & Lounge
CMP-7454-v,reactive_object-oriented_capacity,GDN_Banner,Blazers & Jackets
CMP-9750-c,cross-platform_responsive_toolset,Display_Ad_Net,Dresses
CMP-7012-C,persevering_24hour_interface,Ghost_Traffic,Suits
CMP-3242-r,cross-group_solution-oriented_hierarchy,Unknown_Ext,Underwear
CMP-4152-d,object-based_responsive_function,Unknown_Blog,Underwear
CMP-3611-a,extended_mission-critical_archive,Unknown_Blog,Pants
CMP-2938-R,organic_24/7_access,Unknown_Ext,Maternity
CMP-5162-E,compatible_discrete_info-mediaries,Display_Ad_Net,Underwear
CMP-1115-x,innovative_client-driven_implementation,Facebook_Feed,Sleep & Lounge
CMP-2218-K,advanced_reciprocal_projection,Google_SEM,Fashion Hoodies & Sweatshirts
CMP-2753-O,user-friendly_coherent_installation,FB_Ads,Skirts
CMP-9731-g,devolved_web-enabled_capability,Google_SEM,Shorts
CMP-5234-P,configurable_dynamic_neural-net,Facebook_Feed,Jeans
CMP-9994-X,team-oriented_4thgeneration_protocol,Promo_Code,Suits & Sport Coats
CMP-4389-G,ergonomic_value-added_infrastructure,Search_Direct,Socks
CMP-4037-y,customizable_disintermediate_methodology,GDN_Banner,Jeans
CMP-9180-x,intuitive_clear-thinking_info-mediaries,Unknown_Ext,Pants
CMP-9658-R,enhanced_well-modulated_leverage,Newsletter_V1,Suits
CMP-1091-a,fundamental_didactic_analyzer,GDN_Banner,Socks
CMP-0684-O,universal_motivating_throughput,GDN_Banner,Dresses
CMP-6661-O,public-key_national_pricing_structure,Facebook_Feed,Shorts
CMP-2414-f,profound_demand-driven_workforce,Google_SEM,Sleep & Lounge
CMP-2856-L,sharable_well-modulated_projection,Unknown_Ext,Jumpsuits & Rompers
CMP-1463-d,fully-configurable_background_internet_solution,FB_Ads,Sleep & Lounge
CMP-1799-d,integrated_static_support,Display_Ad_Net,Active
CMP-2102-S,advanced_cohesive_methodology,Ghost_Traffic,Active
CMP-5884-k,multi-layered_clear-thinking_synergy,Bing_Ads,Tops & Tees
CMP-4105-Z,optimized_encompassing_moderator,Display_Ad_Net,Suits & Sport Coats
CMP-7785-d,proactive_non-volatile_concept,GDN_Banner,Socks
CMP-5241-K,synergistic_uniform_budgetary_management,Unknown_Blog,Sweaters
CMP-3800-a,fully-configurable_6thgeneration_leverage,GDN_Banner,Suits
CMP-5622-c,reactive_transitional_support,Ghost_Traffic,Jeans
CMP-6353-A,up-sized_foreground_flexibility,Display_Ad_Net,Suits & Sport Coats
CMP-1951-G,synergistic_actuating_conglomeration,Bing_Ads,Pants
CMP-3806-e,persistent_executive_time-frame,Unknown_Blog,Sleep & Lounge
CMP-4518-D,advanced_holistic_customer_loyalty,Promo_Code,Pants
CMP-4949-p,persistent_holistic_parallelism,Unknown_Blog,Blazers & Jackets
CMP-7383-j,adaptive_incremental_algorithm,Promo_Code,Intimates
CMP-3850-v,adaptive_well-modulated_protocol,Google_SEM,Leggings
CMP-6413-H,front-line_intangible_matrix,Google_SEM,Clothing Sets
CMP-0241-c,focused_multi-state_installation,Unknown_Ext,Maternity
CMP-5719-g,profit-focused_client-driven_productivity,Ghost_Traffic,Active
CMP-6199-d,optional_stable_capacity,Unknown_Blog,Suits & Sport Coats
CMP-3445-Z,object-based_tangible_support,Facebook_Feed,Pants & Capris
CMP-5574-o,compatible_dedicated_challenge,FB_Ads,Maternity
CMP-9121-k,organized_maximized_functionalities,Newsletter_V1,Plus
CMP-6185-X,expanded_local_function,Display_Ad_Net,Blazers & Jackets
CMP-7411-k,synergized_exuding_strategy,Ghost_Traffic,Suits
CMP-9035-j,cross-group_transitional_encryption,Unknown_Ext,Pants
CMP-5680-R,innovative_empowering_conglomeration,Ghost_Traffic,Pants & Capris
CMP-0678-V,reactive_dynamic_attitude,Ghost_Traffic,Socks & Hosiery
CMP-7121-a,centralized_zero-defect_definition,Facebook_Feed,Socks
CMP-2365-R,self-enabling_secondary_artificial_intelligence,Email_Blast,Outerwear & Coats
CMP-9941-b,cloned_dedicated_project,Unknown_Blog,Socks
CMP-7215-h,balanced_maximized_application,Display_Ad_Net,Sweaters
CMP-2966-F,assimilated_homogeneous_software,GDN_Banner,Plus
CMP-6253-l,grass-roots_even-keeled_knowledge_user,Display_Ad_Net,Skirts
CMP-2099-N,fully-configurable_secondary_frame,Display_Ad_Net,Plus
CMP-7687-d,cross-group_even-keeled_info-mediaries,GDN_Banner,Underwear
CMP-2638-p,self-enabling_needs-based_utilization,Google_SEM,Blazers & Jackets
CMP-0657-I,pre-emptive_grid-enabled_open_system,Unknown_Ext,Pants
CMP-8564-l,assimilated_foreground_policy,Newsletter_V1,Socks
